{
	"success": true,
	"data":[			
			{"value": "AL", "name": "ALBANIA"},
			{"value": "DZ", "name": "ALGERIA"},
			{"value": "AR", "name": "ARGENTINA", "no_autodetect": true},
			{"value": "AM", "name": "ARMENIA", "no_autodetect": true},
			{"value": "AU", "name": "AUSTRALIA"},
			{"value": "AT", "name": "AUSTRIA"},
			{"value": "AZ", "name": "AZERBAIJAN", "no_autodetect": true},
			{"value": "AW", "name": "ARUBA"},
			{"value": "BS", "name": "BAHAMAS", "no_autodetect": true},
			
			{"value": "BH", "name": "BAHRAIN"},
			{"value": "BD", "name": "BANGLADESH"},
			{"value": "BB", "name": "BARBADOS"},
			{"value": "BY", "name": "BELARUS", "no_autodetect": true},
			{"value": "BE", "name": "BELGIUM"},
			{"value": "BZ", "name": "BELIZE"},
			{"value": "BM", "name": "BERUMUDA"},
			{"value": "BO", "name": "BOLIVIA"},
			{"value": "BA", "name": "BOSNIA_HERZEGOWINA"},
			{"value": "BR", "name": "BRAZIL"},
			{"value": "BN", "name": "BRUNEI_DARUSSALAM"},
			{"value": "BG", "name": "BULGARIA"},
			{"value": "KH", "name": "CAMBODIA"},
			{"value": "CA", "name": "CANADA"},
			{"value": "CL", "name": "CHILE"},
			{"value": "CN", "name": "CHINA"},
			{"value": "CO", "name": "COLOMBIA"},
			{"value": "CR", "name": "COSTA_RICA"},
			{"value": "HR", "name": "CROATIA"},
			{"value": "CZ", "name": "CZECH_REPUBLIC", "no_autodetect": true},
			{"value": "DK", "name": "DENMARK", "no_autodetect": true},
			{"value": "DO", "name": "DOMINICAN_REPUBLIC"},
			{"value": "EC", "name": "ECUADOR"},
			{"value": "EG", "name": "EGYPT"},
			{"value": "SV", "name": "EL_SALVADOR"},

			{"value": "ET", "name": "ETHIOPIA"},
			{"value": "EE", "name": "ESTONIA"},
			{"value": "FO", "name": "FAEROE_ISLANDS"},
			{"value": "FI", "name": "FINLAND"},
			{"value": "FR", "name": "FRANCE"},
			{"value": "GE", "name": "GEORGIA"},
			{"value": "DE", "name": "GERMANY"},
			{"value": "GR", "name": "GREECE"},
			{"value": "GL", "name": "GREENLAND"},
			{"value": "GD", "name": "GRENADA"},
			{"value": "GP", "name": "GUADELOUPE"},
			{"value": "GU", "name": "GUAM"},
			{"value": "GT", "name": "GUATEMALA"},
			{"value": "HT", "name": "HAITI"},
			{"value": "HN", "name": "HONDURAS"},
			{"value": "HK", "name": "HONG_KONG"},
			{"value": "HU", "name": "HUNGARY"},
			{"value": "IS", "name": "ICELAND"},
			{"value": "IN", "name": "INDIA"},
			{"value": "ID", "name": "INDONESIA"},
			{"value": "IR", "name": "IRAN"},
			{"value": "IQ", "name": "IRAQ"},
			{"value": "IE", "name": "IRELAND"},
			{"value": "IL", "name": "ISRAEL"},
			{"value": "IT", "name": "ITALY"},


			{"value": "JM", "name": "JAMAICA"},
			{"value": "JP", "name": "JAPAN"},
			{"value": "JO", "name": "JORDAN"},
			{"value": "KZ", "name": "KAZAKHSTAN"},
			{"value": "KE", "name": "KENYA"},
			{"value": "KP", "name": "NORTH_KOREA"},
			{"value": "KR", "name": "KOREA_REPUBLIC"},
			{"value": "KW", "name": "KUWAIT"},
			{"value": "LV", "name": "LATVIA"},
			{"value": "LB", "name": "LEBANON"},
			{"value": "LY", "name": "LIBYA"},
			{"value": "LI", "name": "LIECHTENSTEIN"},
			{"value": "LT", "name": "LITHUANIA"},
			{"value": "LU", "name": "LUXEMBOURG"},
			{"value": "MO", "name": "MACAU"},
			{"value": "MK", "name": "MACEDONIA"},
			{"value": "MW", "name": "MALAWI"},
			{"value": "MY", "name": "MALAYSIA"},
			{"value": "MV", "name": "MALDIVES"},
			{"value": "MT", "name": "MALTA"},
			{"value": "MQ", "name": "MARTHINIQUE"},
			{"value": "MU", "name": "MAURITIUS"},
			{"value": "YT", "name": "MAYOTTE"},
			{"value": "MX", "name": "MEXICO"},
			{"value": "MC", "name": "MONACO"},



			{"value": "MN", "name": "MONGOLIA"},
			{"value": "MA", "name": "MOROCCO"},
			{"value": "NP", "name": "NEPAL"},
			{"value": "NL", "name": "NETHERLANDS"},
			{"value": "NZ", "name": "NEW_ZEALAND"},
			{"value": "NI", "name": "NICARAGUA"},
			{"value": "NG", "name": "NIGERIA"},
			{"value": "NO", "name": "NORWAY"},
			{"value": "OM", "name": "OMAN"},
			{"value": "PK", "name": "PAKISTAN"},
			{"value": "PA", "name": "PANAMA"},
			{"value": "PG", "name": "PAPUA_NEW_GUINEA"},
			{"value": "PY", "name": "PARAGUAY"},
			{"value": "PE", "name": "PERU"},
			{"value": "PH", "name": "PHILIPPINES"},
			{"value": "PL", "name": "POLAND"},
			{"value": "PT", "name": "PORTUGAL"},
			{"value": "PR", "name": "PUERTO_RICO"},
			{"value": "QA", "name": "QATAR"},


			{"value": "RE", "name": "REUNION"},
			{"value": "RO", "name": "ROMANIA"},
			{"value": "RU", "name": "RUSSIA"},
			{"value": "RW", "name": "RWANDA"},
			{"value": "WS", "name": "SAMOA"},


			{"value": "SA", "name": "SAUDI_ARABIA"},
			{"value": "SG", "name": "SINGAPORE"},
			{"value": "SK", "name": "SLOVAK_REPUBLIC"},
			{"value": "SI", "name": "SLOVENIA"},
			{"value": "ZA", "name": "SOUTH_AFRICA"},
			{"value": "ES", "name": "SPAIN"},
			{"value": "LK", "name": "SRI_LANKA"},
			{"value": "SR", "name": "SURINAME"},
			{"value": "SE", "name": "SWEDEN"},
			{"value": "CH", "name": "SWITZERLAND"},
			{"value": "SY", "name": "SYRIA"},
			{"value": "TW", "name": "TAIWAN"},
			{"value": "TZ", "name": "TANZANIA"},
			{"value": "TH", "name": "THAILAND"},
			{"value": "TT", "name": "TRINIDAD_TOBAGO"},
			{"value": "TN", "name": "TUNISIA"},
			{"value": "TR", "name": "TURKEY"},
			{"value": "AE", "name": "UNITED_ARAB_EMIRATES"},
			{"value": "UG", "name": "UGANDA"},
			{"value": "UA", "name": "UKRAINE"},
			{"value": "GB", "name": "UNITED_KINGDOM"},
			{"value": "US", "name": "UNITED_STATES"},
			{"value": "UY", "name": "URUGUAY"},
			{"value": "UZ", "name": "UZBEKISTAN"},
			{"value": "VE", "name": "VENEZUELA"},
			{"value": "VN", "name": "VIETNAM"},


			{"value": "VI", "name": "VIRGIN_ISLANDS"},
			{"value": "YE", "name": "YEMEN"},
			{"value": "ZW", "name": "ZIMBABWE"}


		]
}